Case ID,Grade,Subject,Fee,General Location,Date,Specific Location,Lessons/Week,Duration,Availability,Other Req,Applicants,Scraped At
217926,中四,物理(英文),每小時$300 - 450,又一村(上門補習),2026-04-13 14:01:38,：又一居,一星期1堂,每堂2小時,"：星期一 1700-2000, 星期二 1700-2000, 導師必須在以上時段補習","： 有耐性, 針對學生弱項, 了解學生不足, 先釐清及理順基礎知識，消除學習障礙,期望最快上課時間:7天內,粵語授課,不接受視像",16-20位導師,14/4/2026 下午8:28:37
217878,小一,中文,每小時$140 - 150,葵興(上門補習),2026-04-12 20:59:09,：光輝圍,一星期2堂,每堂1.5小時,"：星期二 1700-1800, 星期三 1700-1800, 時間可再商議","： 有耐性, 有愛心, 有讀寫障礙,期望最快上課時間:3天內,粵語授課,有特殊學習需要,不接受視像",11-15位導師,14/4/2026 下午8:28:38
217590,中一,數學(中文),每小時$160 - 200,荃灣(上門補習),2026-04-08 00:51:10,：樂悠居,一星期1堂,每堂1.5小時,"：星期五 1700-1900, 星期六 1000-1600, 星期日 1000-1600, 時間可再商議","： 有耐性, 有愛心, 細心, level 4 or above導師；專注力不足,期望最快上課時間:7天內,粵語授課,有特殊學習需要,不接受視像",20位導師以上,14/4/2026 下午8:28:39
217484,中六,資訊及通訊科技(中文),每小時$230 - 250,荃灣(上門補習),2026-04-04 16:34:27,：環宇海灣地鐵站D出口行5分鐘,一星期2堂,每堂1.5小時,"：星期一 1400-1700, 星期二 1100-2200, 星期三 1300-2200, 星期四 1100-2200, 星期五 1300-2200, 星期六 1100-1600, 星期日 1100-1700, 時間可再商議","： 提供練習／試題, 有經驗, 期望最快上課時間:3天內,粵語授課,【中六DSE只收取一堂行政費用】,不接受視像",0-5位導師,14/4/2026 下午8:28:40
217498,year11,Physics(英文),每小時$380 - 450,奧運(上門或視像皆可),2026-04-05 11:15:48,：浪澄灣 (地鐵站5分鐘步程),一星期2堂,每堂2小時,"：星期一 1000-1700, 星期二 1400-1800, 星期三 1000-2000, 星期四 1000-1600, 星期五 1000-1700, 星期六 1300-1600, 星期日 1600-2000, 時間可再商議","： 提供練習／試題, 有經驗, 考IGCSE導師優先, 都會考慮HKDSE導師,可接受視像,上門優先,期望最快上課時間:3天內,會考慮HKDSE導師",20位導師以上,14/4/2026 下午8:28:41
218026,中三,英文,每小時$190 - 220,視像補習,2026-04-14 19:49:26,,一星期1堂,每堂2小時,"：星期四 1700-2000, 星期五 1700-2000, 星期六 1700-2000, 時間可再商議","： 提供練習／試題, 有經驗, 了解學生不足, 期望最快上課時間:7天內,粵語授課",0-5位導師,14/4/2026 下午8:28:43
218025,中三,物理(英文),每小時$170 - 210,紅磡(上門補習),2026-04-14 19:40:33,：紅磡海逸豪園,一星期1堂,每堂1.5小時,"：星期六 1300-1430, 星期日 1300-1430, 時間可再商議","： 有耐性, 提供筆記, 期望最快上課時間:7天內,粵語授課、全英文授課,不接受視像",0-5位導師,14/4/2026 下午8:28:44
218024,小一,全科(英文),每小時$140 - 160,馬鞍山(上門補習),2026-04-14 19:31:53,：海典居馬鞍山地鐵站5分鐘,一星期3堂,每堂2小時,"：星期一 1730, 星期二 1730, 星期三 1730, 星期五 1730, 導師必須在以上時段補習","： 提供練習／試題, 星期1，2，3，5 1730 不接受視像",0-5位導師,14/4/2026 下午8:28:45
218023,K2,拼音 Phonics(英文),每小時$230 - 400,荃灣(上門補習),2026-04-14 19:14:22,：翠濤閣,一星期2堂,每堂1小時,"：星期一 1600-1700, 星期四 1600-1700, 導師必須在以上時段補習","： 全英語上堂, 外國回流導師, 願意支付額外交通金額(HKD): 5.00, 期望最快上課時間:2星期內,不接受視像",0-5位導師,14/4/2026 下午8:28:46
218021,中五,生物(英文),每小時$250 - 300,坑口(上門補習),2026-04-14 18:31:23,：南豐廣場,一星期1堂,每堂1.5小時,"：星期六 0900-1200, 星期日 0900-1200, 時間可再商議","： 有經驗, 女導師,期望最快上課時間:2星期內,粵語授課,不接受視像",0-5位導師,14/4/2026 下午8:28:47
218020,25-30歲,普通話,每小時$130,將軍澳(上門補習),2026-04-14 18:30:56,：尚德邨,一星期2堂,每堂1.5小時,"：星期一 1400-1530, 星期二 1400-1530, 星期四 1400-1530, 導師必須在以上時段補習","： 提供筆記, 細心, 了解學生不足, $200/1.5小時；不接受視像；學生是巴基斯坦人，識講廣東話，想學普通話，主要是說話和閱讀",0-5位導師,14/4/2026 下午8:28:48
218022,中二,綜合科學(英文),每小時$180 - 220,沙田(上門補習),2026-04-14 18:29:18,：瓏珀山,一星期2堂,每堂1.5小時,"：星期二 1630-1800, 星期五 1630-1800, 時間可再商議","： 提供練習／試題, 願意支付額外交通金額(HKD): 30.00, 期望最快上課時間:3天內,粵語授課,急單補習(需要在兩天內開始上第一堂課),不接受視像",0-5位導師,14/4/2026 下午8:28:50
218019,中三,中文,每小時$220 - 240,康城(上門補習),2026-04-14 18:24:55,：Sea To Sky (近地鐵站),一星期1堂,每堂1.5小時,"：星期三 , 星期五 , 時間可再商議","： 有耐性, 提供練習／試題, 長補, 不接受視像",0-5位導師,14/4/2026 下午8:28:51
218018,小二,全科(英文),每小時$200,何文田(上門補習),2026-04-14 18:24:47,：窩打老道,一星期5堂,每堂1小時,,： 不接受視像,0-5位導師,14/4/2026 下午8:28:52
218017,小五,數學(中文),每小時$100 - 120,視像補習,2026-04-14 18:20:07,,一星期1堂,每堂1小時,"：星期日 8-9pm, 時間可再商議","： 提供練習／試題, 提供筆記, 嚴謹，提供筆記",0-5位導師,14/4/2026 下午8:28:53
218016,中四 (2人),數學(中文),每小時$170-220,屯門(公眾地方),2026-04-14 18:15:13,,一星期1堂,每堂1.5小時,,： 不接受視像,6-10位導師,14/4/2026 下午8:28:54
218015,中一,"數學(英文),綜合科學(英文)",每小時$200-220,大坑(上門補習),2026-04-14 18:00:14,：香港大坑利群道,一星期1堂,每堂1.5小時,：,：,0-5位導師,14/4/2026 下午8:28:55
218014,year8,"null,Biology HL(英文)",每小時$280 - 350,何文田(上門補習),2026-04-14 17:45:17,：自由道,一星期2堂,每堂2小時,"：星期二 1930-2000, 星期六 1530-1800, 時間可再商議","： 期望最快上課時間:7天內,不接受視像",0-5位導師,14/4/2026 下午8:28:56
218013,小二,中文,每小時$140 - 180,北角(上門補習),2026-04-14 17:31:31,"：Provident Centre, North Point",一星期2堂,每堂1.5小時,"：星期一 1630, 星期二 1630, 星期三 1630, 星期四 1630, 星期五 1630, 星期六 1100, 星期日 1100, 時間可再商議","： 有耐性, 細心, 引起學生學習興趣, 期望最快上課時間:3天內,粵語授課,不接受視像",0-5位導師,14/4/2026 下午8:28:57
218012,K3,"中文,英文",每小時$150 - 190,天后(上門補習),2026-04-14 17:28:29,：維景台,一星期1堂,每堂2小時,：,"： 期望最快上課時間:2星期內,全英文授課、普通話授課,不接受視像",0-5位導師,14/4/2026 下午8:28:58
218011,小二,全科(中文),每小時$200 - 280,黃埔(上門補習),2026-04-14 16:59:56,：海濱南岸 (紅磡站/ 黃埔站步行),一星期2堂,每堂1小時,,"： 有耐性, 有愛心, 全職導師, 兩位女兒分別就讀小一和小二，都很乖巧，肯聽老師教導，會一起補習，需要一位有耐性,必須按時上堂 [有幼兒教育經驗的現職/曾任幼稚園或小學教師，全職導師]。期望最快上課時間:2星期內,粵語授課,不接受視像",0-5位導師,14/4/2026 下午8:28:59
218010,中三,英文,每小時$270-300,秀茂坪(公眾地方),2026-04-14 16:36:12,：順利宿舍會所,一星期2堂,每堂1.5小時,,"： 想要醫科生導師,不接受視像",0-5位導師,14/4/2026 下午8:29:01
218009,40+歲,英語會話,每小時$170 - 200,視像補習,2026-04-14 16:15:09,,一星期1堂,每堂1小時,：,"： 其他, 5月開始",0-5位導師,14/4/2026 下午8:29:02
218007,中三,生物(英文),每小時$170 - 210,何文田(公眾地方),2026-04-14 15:57:51,：會所,一星期1堂,每堂2小時,,： 不接受視像,0-5位導師,14/4/2026 下午8:29:03
218006,小五,全科(英文),每小時$140 - 250,第一城(上門補習),2026-04-14 15:55:14,：富豪花園,一星期1堂,每堂1.5小時,"：星期一 1700-1900, 星期二 1700-1900, 星期四 1700-1900, 時間可再商議","： 有耐性, 願意支付額外交通金額(HKD): 4.00, 期望最快上課時間:3天內,粵語授課,不接受視像",0-5位導師,14/4/2026 下午8:29:04
218008,小一,英文,每小時$160 - 200,藍田(上門補習),2026-04-14 15:48:43,：廣田邨,一星期2堂,每堂1.5小時,"：星期二 1630-1730, 星期三 1630-1730, 星期四 1630-1730, 時間可再商議","： 提供練習／試題, 緊貼學校進度, 提升閱讀能力, 願意支付額外交通金額(HKD): 20.00, 期望最快上課時間:7天內,粵語授課、全英文授課,不接受視像",0-5位導師,14/4/2026 下午8:29:05
218005,小四,全科(中文),每小時$150 - 190,中環(上門補習),2026-04-14 15:35:02,：骏豪阁,一星期2堂,每堂1.5小時,"：星期一 1700, 星期二 1700, 星期三 1700, 星期四 1700, 星期五 1700, 導師必須在以上時段補習","： 期望最快上課時間:3天內,粵語授課,有特殊學習需要",0-5位導師,14/4/2026 下午8:29:06
218004,中五,資訊及通訊科技(中文),每小時$200 - 240,屯門(上門補習),2026-04-14 15:24:44,：龍門居,一星期1堂,每堂1.5小時,"：星期二 1830-2100, 星期三 1830-2100, 星期四 1830-2100, 星期六 1000-200, 導師必須在以上時段補習","： 有耐性, 提供筆記, 提供練習／試題, 期望最快上課時間:7天內,粵語授課,不接受視像",0-5位導師,14/4/2026 下午8:29:07
218003,中四,中文,每小時$180,視像補習,2026-04-14 15:17:54,,一星期1堂,每堂1.5小時,"：星期一 2000-2130, 導師必須在以上時段補習","： 期望最快上課時間:7天內,粵語授課",6-10位導師,14/4/2026 下午8:29:09
218002,中四,英文,每小時$200 - 240,杏花邨(上門補習),2026-04-14 15:05:00,：杏花邨,一星期1堂,每堂1.5小時,"：星期日 1400-1900, 時間可再商議","： 現職/曾任中小學教師, 期望最快上課時間:7天內,粵語授課,不接受視像",0-5位導師,14/4/2026 下午8:29:10
218001,中六,經濟(英文),每小時$230,視像補習,2026-04-14 14:33:33,,一星期2堂,每堂2小時,"：星期四 1200, 時間可再商議","： 期望最快上課時間:3天內,粵語授課,【中六DSE只收取一星期費用】",0-5位導師,14/4/2026 下午8:29:11
218000,中六,會計(英文),每小時$230,視像補習,2026-04-14 14:29:58,,一星期2堂,每堂2小時,"：星期五 1200, 時間可再商議","： 期望最快上課時間:3天內,粵語授課,【中六DSE只收取一星期費用】",0-5位導師,14/4/2026 下午8:29:12
217998,小三,英文,每小時$160 - 200,筲箕灣(上門補習),2026-04-14 14:25:45,：愛蝶灣,一星期2堂,每堂1.5小時,"：星期一 1630-1730, 時間可再商議","： 期望最快上課時間:2星期內,粵語授課,不接受視像",0-5位導師,14/4/2026 下午8:29:13
217997,中六,物理(中文),每小時$470 - 1200,尖沙咀(公眾地方),2026-04-14 14:22:18,：新文华中心,一星期5堂,每堂2小時,"：星期三 15-17, 星期四 15-17, 時間可再商議","： 有耐性, 期望最快上課時間:3天內,粵語授課、普通話授課,有特殊學習需要,【中六DSE只收取一星期費用】,急單補習(需要在兩天內開始上第一堂課),不接受視像",0-5位導師,14/4/2026 下午8:29:14
217999,40+歲,英語會話,每小時$280 - 350,南昌(上門補習),2026-04-14 14:06:58,：匯璽,一星期2堂,每堂2小時,"：星期一 1900-2100, 星期二 1900-2100, 星期三 1900-2100, 星期四 1900-2100, 導師必須在以上時段補習","： 有經驗, 現職/曾任中小學教師, 外國回流導師, 期望最快上課時間:1個月後,不接受視像",0-5位導師,14/4/2026 下午8:29:15
217996,小二,托兒/幼兒照顧(英文),每小時$180 - 1200,半山(上門補習),2026-04-14 13:41:18,：承德山莊,一星期2堂,每堂2小時,"：星期一 400-1600, 時間可再商議","： 有耐性, 期望最快上課時間:2星期內,不接受視像",6-10位導師,14/4/2026 下午8:29:16
217994,中四,地理(英文),每小時$200,黃大仙(上門補習),2026-04-14 13:15:36,：黃大仙紀律部隊宿舍,一星期1堂,每堂2小時,：,： 不接受視像,0-5位導師,14/4/2026 下午8:29:17
217992,小三,中文,每小時$140 - 200,康城(上門補習),2026-04-14 13:01:54,：Malibu,一星期2堂,每堂1.5小時,"：星期一 1800-1900, 星期二 1800-1900, 星期三 1800-1900, 星期四 1800-1900, 時間可再商議","： 有耐性, 提供筆記, 提供練習／試題, 期望最快上課時間:7天內,粵語授課,急單補習(需要在兩天內開始上第一堂課),不接受視像",6-10位導師,14/4/2026 下午8:29:18
217991,小二,功課(英文),每小時$140 - 180,北角(上門補習),2026-04-14 12:24:26,：富雅花園,一星期5堂,每堂2小時,"：星期一 1530-1730, 星期二 1530-1730, 星期三 1530-1730, 星期四 1530-1730, 星期五 1530-1730, 導師必須在以上時段補習","： 期望最快上課時間:一個月內,粵語授課、全英文授課,不接受視像",0-5位導師,14/4/2026 下午8:29:20
217993,小一,中文,每小時$140 - 250,深水埗(上門補習),2026-04-14 11:35:39,：深水埗,一星期2堂,每堂1.5小時,"：星期一 1615-1730, 星期二 1615-1730, 星期四 1615-1730, 時間可再商議","： 有耐性, 長補, 提升閱讀能力, 識字量很小, 難已應付功課及考試,期望最快上課時間:3天內,粵語授課,不接受視像",11-15位導師,14/4/2026 下午8:29:21
217989,小五,"中文,英文,數學(英文)",每小時$150 - 190,馬鞍山(上門補習),2026-04-14 11:29:06,：䁱峯灣畔,一星期1堂,每堂1.5小時,：,： 1星期1或2堂，每堂補1-2科，不接受視像,0-5位導師,14/4/2026 下午8:29:22
217988,小一,英文,每小時$190 - 230,紅磡(上門補習),2026-04-14 11:28:47,：寶新大廈(地鐵站 **分開）,一星期2堂,每堂1小時,：,： 不接受視像。有補初小，或幼稚園經驗、教英文經驗；補底,6-10位導師,14/4/2026 下午8:29:23
217990,小四 (2人),全科(中文),每小時$150,黃埔(上門補習),2026-04-14 11:25:48,：whampoa garden,一星期3堂,每堂2小時,"：星期一 10-12, 星期二 10-12, 星期三 10-12, 星期四 10-12, 星期五 10-12, 時間可再商議","： 嚴格, 幫助操練, 期望最快上課時間:1個月後,普通話授課,不接受視像",6-10位導師,14/4/2026 下午8:29:24
217987,小四,全科(中文),每小時$200 - 240,西貢(上門補習),2026-04-14 11:10:44,"：LOhas park, TKO",一星期1堂,每堂1.5小時,"：星期二 1600-2000, 星期四 1600-2000, 時間可再商議","： 期望最快上課時間:3天內,粵語授課、普通話授課,不接受視像",6-10位導師,14/4/2026 下午8:29:25
217986,小六,中文,每小時$140 - 170,寶琳(上門補習),2026-04-14 10:53:26,：新都城,一星期1堂,每堂1小時,,"： 有耐性, 提供練習／試題, 專補中文,不接受視像",0-5位導師,14/4/2026 下午8:29:26
218034,中四,數學(中文),每小時$230,屯門(上門補習),2026-04-14 22:02:41,：和田,一星期2堂,每堂2小時,"：星期六 1400-1600, 星期日 1400-1600, 導師必須在以上時段補習","： 有耐性, 提供練習／試題, 有經驗, 期望最快上課時間:一個月內,粵語授課,不接受視像",0-5位導師,14/4/2026 下午10:14:32
218033,小六,英文,每小時$220,粉嶺(上門補習),2026-04-14 21:32:29,：皇后山邨,一星期2堂,每堂1.5小時,"：星期二 1700-1800, 星期四 1700-1800, 星期五 1700-1800, 時間可再商議","： 讀寫問題,期望最快上課時間:2星期內,粵語授課,有特殊學習需要,不接受視像",0-5位導師,14/4/2026 下午10:14:33
218031,中四,數學(中文),每小時$170-220,葵盛(上門補習),2026-04-14 21:32:10,：葵盛東邨,一星期1堂,每堂1.5小時,,： 不接受視像,0-5位導師,14/4/2026 下午10:14:34
218032,中四,英文,每小時$250 - 290,屯門(公眾地方),2026-04-14 21:30:26,,一星期1堂,每堂2小時,"：星期六 2-4, 時間可再商議","： 有耐性, 期望最快上課時間:一個月內,粵語授課,不接受視像",0-5位導師,14/4/2026 下午10:14:35
218030,35-40歲,英文,每小時$220 - 350,沙田(公眾地方),2026-04-14 21:14:11,,一星期1堂,每堂1.5小時,"：星期一 100, 導師必須在以上時段補習","： 有學習障礙,期望最快上課時間:1個月後,粵語授課,有特殊學習需要,不接受視像",0-5位導師,14/4/2026 下午10:14:36
218029,中一,數學(中文),每小時$150 - 200,深水埗(上門補習),2026-04-14 21:13:14,：睿峰,一星期1堂,每堂1.5小時,,"： 最少1年以上教學經驗,不接受視像",0-5位導師,14/4/2026 下午10:14:37
218028,中三,"數學(英文),物理(英文)",每小時$170 - 210,將軍澳(上門補習),2026-04-14 20:57:47,：新都城三期,一星期2堂,每堂1.5小時,"：星期一 1800-1930, 星期三 1800-1930, 星期六 1130-1300, 導師必須在以上時段補習","： 有耐性, 針對學生弱項, 期望最快上課時間:3天內,粵語授課、全英文授課,不接受視像",0-5位導師,14/4/2026 下午10:14:39
218027,中五,生物(英文),每小時$200 - 300,視像補習,2026-04-14 20:40:09,,一星期2堂,每堂2小時,"：星期一 1700-2100, 星期二 1700-2100, 星期三 1700-2100, 星期四 1700-2100, 星期五 1700-2100, 星期六 1800-2200, 星期日 1100-2000, 時間可再商議","： 期望最快上課時間:2星期內,粵語授課、全英文授課,急單補習(需要在兩天內開始上第一堂課)",6-10位導師,14/4/2026 下午10:14:40
218042,中四,英文,每小時$200 - 300,九龍灣(上門補習),2026-04-14 23:20:07,：德福大廈,一星期2堂,每堂1.5小時,"：星期四 1800-1930, 星期五 1800-1930, 時間可再商議","： 期望最快上課時間:3天內,粵語授課、普通話授課,不接受視像",0-5位導師,14/4/2026 下午11:44:12
218041,小四,全科(中文),每小時$200 - 240,黃竹坑(公眾地方),2026-04-14 23:15:32,：Southside,一星期1堂,每堂1.5小時,"：星期六 11-12, 時間可再商議","： 有耐性, 提供筆記, 提供練習／試題, 期望最快上課時間:2星期內,粵語授課,不接受視像",0-5位導師,14/4/2026 下午11:44:13
218040,中三,生物(英文),每小時$170 - 300,堅尼地城(上門補習),2026-04-14 22:40:56,：地鐵站行5分鐘,一星期1堂,每堂1.5小時,"：星期三 1800, 星期四 1930, 時間可再商議","： 提供練習／試題, 期望最快上課時間:3天內,粵語授課、全英文授課,不接受視像",0-5位導師,14/4/2026 下午11:44:14
218039,中四 (5人),英文,每小時$200 - 290,"九龍城,旺角,太子(公眾地方)",2026-04-14 22:34:08,,一星期1堂,每堂1.5小時,"：星期六 1000-1130, 時間可再商議","： 期望最快上課時間:一個月內,粵語授課,不接受視像",6-10位導師,14/4/2026 下午11:44:15
218038,K2,英文,每小時$160 - 200,將軍澳(上門補習),2026-04-14 22:31:18,：capri，由將軍澳或調景嶺地鐵站步行8分鐘，亦可轉乘小巴,一星期2堂,每堂1小時,"：星期六 1000-1400, 星期日 1000-1400, 時間可再商議","： 期望最快上課時間:2星期內,全英文授課,不接受視像",0-5位導師,14/4/2026 下午11:44:16
218036,中四,英文,每小時$200-250,深水埗(上門補習),2026-04-14 22:28:04,：蘇屋邨,一星期2堂,每堂1.5小時,"：星期一 17-20, 星期二 17-20, 星期三 17-20, 星期四 17-20, 星期五 17-20, 星期六 10-20, 星期日 10-20",： 不接受視像,0-5位導師,14/4/2026 下午11:44:18
218037,中五,數學(英文),每小時$250 - 350,屯門(公眾地方),2026-04-14 22:20:51,：新屯門中心,一星期1堂,每堂2小時,"：星期六 1500-1600, 時間可再商議","： 有耐性, 提供練習／試題, 指導功課, 有讀寫障礙,期望最快上課時間:7天內,粵語授課,有特殊學習需要,不接受視像",6-10位導師,14/4/2026 下午11:44:19
218035,中四,"化學(英文),生物(英文)",每小時$180 - 220,大圍(上門補習),2026-04-14 22:05:01,：金獅花園,一星期1堂,每堂1.5小時,"：星期六 1600-1900, 星期日 1100-1600, 導師必須在以上時段補習","： 能補化學及生物兩科女導師,期望最快上課時間:3天內,粵語授課,不接受視像",0-5位導師,14/4/2026 下午11:44:20
218045,中六,英文,每小時$260 - 300,上環(公眾地方),2026-04-15 00:07:02,,一星期2堂,每堂1.5小時,"：星期一 1500-1600, 時間可再商議","： 有經驗, 期望最快上課時間:一個月內,粵語授課,【中六DSE只收取一星期費用】,不接受視像",0-5位導師,15/4/2026 上午12:49:55
218044,中四,中文,每小時$200 - 240,九龍灣(上門補習),2026-04-14 23:59:46,：淘大花園,一星期1堂,每堂1.5小時,"：星期二 1700-1800, 星期四 1700-1800, 時間可再商議","： 期望最快上課時間:2星期內,粵語授課,不接受視像",0-5位導師,15/4/2026 上午12:49:56
218043,中四,生物(英文),每小時$180 - 300,荃灣(上門或視像皆可),2026-04-14 23:52:04,：樂悠居,一星期1堂,每堂1.5小時,"：星期六 1700-2000, 星期日 2000-2200, 導師必須在以上時段補習","： 提供練習／試題, 針對學生弱項, 神科生優先($250/hr 起), 德望學生，校内測驗不及格，基础薄弱，不懂答題,期望最快上課時間:7天內,粵語授課、全英文授課",0-5位導師,15/4/2026 上午12:49:57
218046,小五,英文,每小時$170 - 210,將軍澳(上門補習),2026-04-15 01:42:40,：the parkside,一星期2堂,每堂1.5小時,"：星期二 1600-1800, 星期四 1600-1800, 星期六 1100-1300, 時間可再商議","： 外國回流導師, 針對學生弱項, 提升寫作能力, 期望最快上課時間:3天內,全英文授課,不接受視像",0-5位導師,15/4/2026 上午1:57:02
218047,中五,中文,每小時$200 - 240,坑口(公眾地方),2026-04-15 02:29:37,：海悅豪園(地鐵站對面),一星期2堂,每堂2小時,"：星期六 1500-1900, 星期日 1500-1900, 時間可再商議","： 期望最快上課時間:3天內,粵語授課,不接受視像",0-5位導師,15/4/2026 上午3:27:57
218057,中四,地理(英文),每小時$200,鴨脷洲(上門補習),2026-04-15 11:37:05,：悅海華庭,一星期1堂,每堂2小時,,"： 這學期必須在香港, 針對學生弱項, 可剛完成DSE課程中六學生，希望提供筆記，練習，講解,導師要主動講嘢，唔好等我女去問，學生底較弱，期望最快上課時間:7天內,粵語授課,不接受視像",0-5位導師,15/4/2026 上午11:40:37
218056,中六,化學(中文),每小時$250 - 330,九龍塘(上門或視像皆可),2026-04-15 11:28:46,：逸瓏,一星期1堂,每堂1.5小時,"：星期五 1900-2030, 時間可再商議","： 有耐性, 提供練習／試題, 有經驗, 期望最快上課時間:2星期內,普通話授課,【中六DSE只收取一星期費用】",0-5位導師,15/4/2026 上午11:40:39
218055,中三,中文,每小時$180 - 230,天后(上門補習),2026-04-15 11:25:52,：水星街,一星期1堂,每堂1.5小時,,"： 有耐性, 長補, 有經驗, 不接受視像",0-5位導師,15/4/2026 上午11:40:40
218054,中五,經濟(英文),每小時$220 - 500,何文田(上門補習),2026-04-15 11:12:39,：半山壹號,一星期1堂,每堂1.5小時,,： 不接受視像,0-5位導師,15/4/2026 上午11:40:41
218052,小五,"中文,數學(英文)",每小時$150,沙田(上門補習),2026-04-15 10:31:31,：多石村,一星期2堂,每堂1.5小時,：,： 不接受視像，短補，指定日子（5月13號，15號，17號，19號，21號，同27號）每日1-1.5小時,0-5位導師,15/4/2026 上午11:40:42
218051,K2,英文,每小時$500 - 550,大埔(上門補習),2026-04-15 10:28:37,：海日灣,一星期2堂,每堂1小時,"：星期三 1000-1100, 星期四 1700-1800, 導師必須在以上時段補習","： 期望最快上課時間:7天內,不接受視像",0-5位導師,15/4/2026 上午11:40:43
218050,中四,英文,每小時$200 - 290,"九龍城,旺角,太子(公眾地方)",2026-04-15 10:22:40,,一星期1堂,每堂1.5小時,,"： 期望最快上課時間:一個月內,粵語授課,不接受視像",0-5位導師,15/4/2026 上午11:40:44
218049,中四,生物(英文),每小時$180 - 250,杏花邨(上門補習),2026-04-15 10:13:16,：杏花邨,一星期1堂,每堂1.5小時,"：星期三 1700-1900, 星期六 15-18, 時間可再商議","： 提供練習／試題, 長補, 生物科DSE 5* 或以上,期望最快上課時間:7天內,粵語授課,不接受視像",0-5位導師,15/4/2026 上午11:40:45
218053,中五 (2人),物理(英文),每小時$120 - 280,北角(上門補習),2026-04-15 09:47:19,：柏蔚山,一星期2堂,每堂2小時,"：星期二 1730-1900, 星期五 1730-1900, 星期六 1130-1300, 時間可再商議","： 有耐性, 提供練習／試題, 細心, 期望最快上課時間:3天內,粵語授課,不接受視像",0-5位導師,15/4/2026 上午11:40:47
218048,中四,數學(英文),每小時$230 - 270,屯門(上門補習),2026-04-15 08:36:24,：愛琴海岸,一星期1堂,每堂1.5小時,"：星期二 1730-1900, 星期三 1730-1900, 星期四 1730-1900, 導師必須在以上時段補習","： 有耐性, 提供練習／試題, 有經驗, 期望最快上課時間:7天內,全英文授課,不接受視像",0-5位導師,15/4/2026 上午11:40:48
218064,中三,英文,每小時$450 - 550,西貢(上門補習),2026-04-15 13:43:14,：西貢,一星期0.5堂,每堂2小時,：,"： 有耐性, 提供練習／試題, 其他, 【外藉導師(NET Teacher)】、住西貢區(Live in Sai Kung District)，小朋友想𨍭英文學校；不接受視像",0-5位導師,15/4/2026 下午1:51:48
218065,中三,中文,每小時$170 - 210,彩虹(上門或視像皆可),2026-04-15 13:36:05,：峻弦,一星期2堂,每堂1.5小時,"：星期四 1700-1900, 時間可再商議","： 有耐性, 提供筆記, 提供練習／試題, 願意支付額外交通金額(HKD): 10.00, 專注力差，只有中一以下的中文程度,期望最快上課時間:7天內,粵語授課,有特殊學習需要",0-5位導師,15/4/2026 下午1:51:49
218063,小三,英文,每小時$160 - 200,九龍灣(上門補習),2026-04-15 13:06:06,：Kai Tai Court,一星期2堂,每堂1.5小時,"：星期二 1600-1730, 星期四 1600-1730, 時間可再商議","： 期望最快上課時間:7天內,粵語授課,不接受視像",0-5位導師,15/4/2026 下午1:51:51
218062,中三,中文,每小時$170 - 240,大埔(上門補習),2026-04-15 12:35:10,：Fu Shin Estate,一星期1堂,每堂1.5小時,,"： 有耐性, 提供練習／試題, 長補, 其他, 需試堂(試堂失敗亦可獲得一半學費),不接受視像",0-5位導師,15/4/2026 下午1:51:52
218061,小二,功課(英文),每小時$140 - 180,大埔(上門補習),2026-04-15 12:05:41,：大埔營盤下村,一星期1堂,每堂1.5小時,"：星期六 1700-1800, 時間可再商議","： 有耐性, 提供筆記, 提供練習／試題, 期望最快上課時間:2星期內,粵語授課,不接受視像",0-5位導師,15/4/2026 下午1:51:53
218060,中四,物理(英文),每小時$200 - 240,杏花邨(上門補習),2026-04-15 12:04:51,：杏花邨,一星期1堂,每堂1.5小時,,"： 期望最快上課時間:7天內,粵語授課,不接受視像",0-5位導師,15/4/2026 下午1:51:54
218059,小五,全科(英文),每小時$170 - 180,元朗(上門補習),2026-04-15 11:56:38,,一星期1堂,每堂1.5小時,,"： 主力補數學(英文卷)；有補開小學生經驗，有愛心&耐性&鼓勵讚賞式教學,不接受視像",0-5位導師,15/4/2026 下午1:51:55
218058,中六,西史(中文),每小時$230 - 250,九龍灣(公眾地方),2026-04-15 11:42:02,,一星期3堂,每堂2小時,"：星期一 900-2000, 星期二 900-2000, 星期三 900-2000, 星期四 900-2000, 星期五 900-2000, 星期六 900-2000, 星期日 900-2000, 時間可再商議","： 嚴格, 提升解題技巧, 期望最快上課時間:3天內,粵語授課,【中六DSE只收取一星期費用】,不接受視像",0-5位導師,15/4/2026 下午1:51:57
218069,中三,綜合科學(英文),每小時$250 - 300,青衣(上門補習),2026-04-15 15:09:56,：灝景灣,一星期2堂,每堂1.5小時,"：星期一 1900-2100, 星期二 1900-2100, 星期三 1900-2100, 星期四 1900-2100, 星期五 1900-2100, 星期六 1600-2100, 星期日 0900-1800, 時間可再商議","： 提供筆記, 提供練習／試題, 緊貼學校進度, 期望最快上課時間:7天內,粵語授課、全英文授課,不接受視像",0-5位導師,15/4/2026 下午3:23:20
218067,中三,英文,每小時$200 - 250,粉嶺(上門補習),2026-04-15 14:56:19,：華明村,一星期1堂,每堂1.5小時,,"： 有經驗, 期望最快上課時間:7天內,粵語授課、全英文授課,不接受視像",0-5位導師,15/4/2026 下午3:23:21
218068,小五,全科(英文),每小時$150 - 190,將軍澳(上門補習),2026-04-15 14:54:39,：坑口,一星期2堂,每堂1.5小時,"：星期五 1600-1700, 時間可再商議","： 提供練習／試題, 期望最快上課時間:3天內,有特殊學習需要,不接受視像",0-5位導師,15/4/2026 下午3:23:22
218066,小四,中文,每小時$200 - 240,元朗(上門補習),2026-04-15 14:15:55,：新田,一星期1堂,每堂1.5小時,"：星期六 1600-1800, 星期日 1300-1800, 時間可再商議","： 有耐性, 期望最快上課時間:2星期內,粵語授課、普通話授課,不接受視像",0-5位導師,15/4/2026 下午3:23:23
218076,中五,英文,每小時$220 - 260,柴灣(公眾地方),2026-04-15 16:36:55,,一星期1堂,每堂2小時,"：星期三 1700-1900, 星期四 1700-1900, 星期六 1400-1800, 時間可再商議","： 期望最快上課時間:一個月內,粵語授課,不接受視像",0-5位導師,15/4/2026 下午5:01:43
218074,year6,"數學(英文),化學(英文)",每小時$280 - 410,半山(上門或視像皆可),2026-04-15 16:26:48,：世紀大廈二座,一星期1堂,每堂1.5小時,：,： 不接受視像,0-5位導師,15/4/2026 下午5:01:44
218075,小一,全科(中文),每小時$140 - 180,大圍(上門補習),2026-04-15 16:20:51,：顯徑,一星期2堂,每堂1.5小時,"：星期二 1830-1930, 星期五 1800-1900, 時間可再商議","： 期望最快上課時間:2星期內,粵語授課,不接受視像",0-5位導師,15/4/2026 下午5:01:45
218073,中一,中文,每小時$300 - 400,視像補習,2026-04-15 16:16:21,,一星期2堂,每堂1小時,"：星期一 1600-1900, 星期二 1600-1900, 星期三 1600-1900, 星期四 1600-1900, 星期五 1600-1900, 時間可再商議","： 現職/曾任中小學教師, 對中文缺乏興趣，校内成績嚴重不及格。,期望最快上課時間:3天內,粵語授課",0-5位導師,15/4/2026 下午5:01:46
218072,中五,中文,每小時$200 - 500,九龍城(上門補習),2026-04-15 16:10:29,：何文田,一星期2堂,每堂1.5小時,"：星期日 1000-1700, 時間可再商議","： 願意支付額外交通金額(HKD): 20.00, 期望最快上課時間:7天內,粵語授課、普通話授課,不接受視像",0-5位導師,15/4/2026 下午5:01:47
218071,中五,英文,每小時$220 - 260,銅鑼灣(公眾地方),2026-04-15 16:06:12,：中央圖書館,一星期1堂,每堂1.5小時,"：星期四 1730-1900, 導師必須在以上時段補習","： 期望最快上課時間:7天內,粵語授課,不接受視像",0-5位導師,15/4/2026 下午5:01:49
218077,中五 (2人),數學(英文),每小時$200 - 250,沙田(上門補習),2026-04-15 15:53:06,：顯徑,一星期1堂,每堂2小時,"：星期四 1630-1830, 時間可再商議","： 提供筆記, 提供練習／試題, 針對學生弱項, 期望最快上課時間:2星期內,粵語授課,不接受視像",6-10位導師,15/4/2026 下午5:01:50
218070,小二,全科(英文),每小時$150-220,荃灣(上門補習),2026-04-15 15:26:45,：環宇海灣,一星期4堂,每堂1.5小時,"：星期一 /1700-1830, 星期三 /1700-1830, 星期四 /1700-1830, 星期五 /1700-1830",： 不接受視像,0-5位導師,15/4/2026 下午5:01:51
218087,中一,中文,每小時$160 - 200,新蒲崗(上門補習),2026-04-15 18:31:24,：The Latitude,一星期1堂,每堂1.5小時,"：星期六 1030-1200, 時間可再商議","： 有耐性, 中文作文需要幫助,期望最快上課時間:7天內,粵語授課、普通話授課,不接受視像",0-5位導師,15/4/2026 下午6:37:08
218086,中五,數學(英文),每小時$200,將軍澳(上門或視像皆可),2026-04-15 18:25:50,：香港将军澳唐俊街The Parkside 第*座The Parkside,一星期1堂,每堂1小時,：,"： 女導師, 如導師能面授上門最好，可以請備注",0-5位導師,15/4/2026 下午6:37:09
218085,小五,全科(中文),每小時$150 - 250,大埔(上門補習),2026-04-15 18:10:11,：嵐山,一星期2堂,每堂2小時,"：星期一 1645-1845, 星期五 1645-1845, 星期六 1645-1845, 時間可再商議","： 中文弱,期望最快上課時間:7天內,粵語授課,急單補習(需要在兩天內開始上第一堂課),不接受視像",0-5位導師,15/4/2026 下午6:37:10
218084,中二,化學(英文),每小時$160 - 220,沙田(公眾地方),2026-04-15 17:54:27,,一星期2堂,每堂1.5小時,"：星期三 1830-1730, 時間可再商議","： 提供筆記, 提供練習／試題, 期望最快上課時間:2星期內,粵語授課、全英文授課,不接受視像",0-5位導師,15/4/2026 下午6:37:12
218083,小四,英文,每小時$220,青衣(上門補習),2026-04-15 17:53:53,：長青邨,一星期1堂,每堂1.5小時,"：星期五 2000-2100, 星期日 1100-1200, 時間可再商議","： 期望最快上課時間:7天內,粵語授課,不接受視像",0-5位導師,15/4/2026 下午6:37:13
218082,中五,英文,每小時$270 - 310,"大嶼山,東涌(公眾地方)",2026-04-15 17:43:58,,一星期2堂,每堂2小時,"：星期六 1300-1500, 星期日 1300-1500, 時間可再商議","： 期望最快上課時間:一個月內,粵語授課、全英文授課、普通話授課,不接受視像",0-5位導師,15/4/2026 下午6:37:14
218081,中四,會計(中文),每小時$220 - 300,將軍澳(上門補習),2026-04-15 17:33:03,：將軍澳村(村屋),一星期1堂,每堂2小時,：,： 【不接受視像、公眾地方】,0-5位導師,15/4/2026 下午6:37:15
218080,中四,會計(英文),每小時$190 - 250,尖沙咀(上門或視像皆可),2026-04-15 17:28:57,：聖馬利,一星期1堂,每堂1.5小時,：,"： 有經驗, 要有經驗的導師",6-10位導師,15/4/2026 下午6:37:16
218079,中四,經濟(中文),每小時$220 - 300,將軍澳(上門補習),2026-04-15 17:18:06,：將軍澳村(村屋),一星期1堂,每堂2小時,：,： 【不接受視像、公眾地方】,0-5位導師,15/4/2026 下午6:37:17
218091,中四,數學(中文),每小時$230,洪水橋(上門補習),2026-04-15 19:09:29,：洪福邨,一星期2堂,每堂1.5小時,"：星期六 1530-1700, 導師必須在以上時段補習","： 有耐性, 期望最快上課時間:3天內,粵語授課,不接受視像",0-5位導師,15/4/2026 下午7:39:02
218090,小二,中文,每小時$140 - 180,荃灣(上門補習),2026-04-15 18:53:31,：寶石大廈,一星期2堂,每堂2小時,"：星期一 1600, 星期二 1600, 星期三 1600, 星期四 1700, 星期五 1600, 星期六 1100, 星期日 1100, 時間可再商議","： 有讀寫障礙,期望最快上課時間:一個月內,粵語授課,有特殊學習需要",0-5位導師,15/4/2026 下午7:39:04
218089,中六,經濟(中文),每小時$120 - 310,天水圍(上門補習),2026-04-15 18:51:04,：天恆邨,一星期2堂,每堂2小時,"：星期一 9-12, 星期二 9-12, 星期三 9-12, 導師必須在以上時段補習","： 提供練習／試題, 期望最快上課時間:3天內,粵語授課,【中六DSE只收取一星期費用】,不接受視像",0-5位導師,15/4/2026 下午7:39:05
218088,小五,"中文,數學(中文)",每小時$140 - 180,小西灣(上門補習),2026-04-15 18:37:57,：富欣花園,一星期1堂,每堂1.5小時,,"： 有補習經驗，懂得教授學術技巧，有耐性，能提供補充練習的導師；協助應付呈分試,不接受視像",0-5位導師,15/4/2026 下午7:39:06
218092,中四 (2人),生物(英文),每小時$180 - 220,黃大仙(上門補習),2026-04-15 20:17:22,：黃大仙,一星期1堂,每堂2小時,"：星期三 1700-2000, 星期五 1700-2000, 導師必須在以上時段補習","： 有耐性, 提供筆記, 細心, 期望最快上課時間:2星期內,粵語授課,不接受視像",0-5位導師,15/4/2026 下午8:46:12
218104,中四,英文,每小時$200 - 270,粉嶺(上門補習),2026-04-15 22:11:34,：粉嶺,一星期1堂,每堂1.5小時,,： 不接受視像,0-5位導師,15/4/2026 下午10:22:05
218103,中四,生物(英文),每小時$250 - 300,大埔(公眾地方),2026-04-15 22:07:48,：白石角海日湾*期會所,一星期1堂,每堂1.5小時,：,"： 有耐性, 有耐性, 周一/二/四/五晚7:00後補， 5*以上,不接受視像",0-5位導師,15/4/2026 下午10:22:06
218102,K2,數學(中文),每小時$130 - 190,將軍澳(上門補習),2026-04-15 22:01:00,：天晉,一星期1堂,每堂1小時,"：星期二 930-1030, 時間可再商議","： 有耐性, 提供筆記, 有經驗, 期望最快上課時間:2星期內,粵語授課,不接受視像",0-5位導師,15/4/2026 下午10:22:07
218101,中五,生物(英文),每小時$200 - 240,馬鞍山(公眾地方),2026-04-15 21:39:13,：海栢花園,一星期1堂,每堂1.5小時,"：星期一 1730-1830, 星期二 1730-1830, 星期三 1730-1830, 時間可再商議","： 提供筆記, 提供練習／試題, 了解學生不足, 期望最快上課時間:7天內,粵語授課、全英文授課,不接受視像",0-5位導師,15/4/2026 下午10:22:09
218099,中三,"地理(英文),生物(英文)",每小時$220 - 250,太古城(公眾地方),2026-04-15 21:29:12,：星巴客,一星期1堂,每堂1.5小時,,： 不接受視像,0-5位導師,15/4/2026 下午10:22:10
218100,小二,英文,每小時$210 - 250,數碼港(上門補習),2026-04-15 21:25:04,：贝沙湾,一星期1堂,每堂1.5小時,"：星期一 19-20, 導師必須在以上時段補習","： 提升寫作能力, 期望最快上課時間:一個月內,全英文授課,不接受視像",0-5位導師,15/4/2026 下午10:22:11
218097,中二,中文,每小時$160 - 200,慈雲山(上門補習),2026-04-15 21:19:33,：慈愛苑,一星期1堂,每堂1.5小時,"：星期三 2000-2130, 星期四 2000-2130, 導師必須在以上時段補習","： 提供筆記, 提供練習／試題, 有愛心, 期望最快上課時間:2星期內,粵語授課,不接受視像",0-5位導師,15/4/2026 下午10:22:12
218098,中二,數學(英文),每小時$160 - 200,慈雲山(上門補習),2026-04-15 21:19:33,：慈愛苑,一星期1堂,每堂1.5小時,"：星期三 2000-2130, 星期四 2000-2130, 導師必須在以上時段補習","： 提供筆記, 提供練習／試題, 有愛心, 期望最快上課時間:2星期內,粵語授課,不接受視像",0-5位導師,15/4/2026 下午10:22:13
218096,中三,化學(英文),每小時$170 - 210,九龍城(上門補習),2026-04-15 21:16:44,：德朗邨,一星期1堂,每堂1.5小時,"：星期二 1700-1830, 星期三 1700-1830, 時間可再商議","： 提供筆記, 提供練習／試題, 全英語上堂, 期望最快上課時間:7天內,全英文授課,不接受視像",0-5位導師,15/4/2026 下午10:22:13
218095,中二,數學(英文),每小時$160 - 200,石硤尾(上門補習),2026-04-15 21:16:18,：南山邨,一星期1堂,每堂1.5小時,"：星期四 1800, 星期五 1800, 時間可再商議","： 期望最快上課時間:7天內,粵語授課,不接受視像",6-10位導師,15/4/2026 下午10:22:15
218093,year10,Science(英文),每小時$260-350,視像補習,2026-04-15 21:10:52,,一星期2堂,每堂1小時,：,： IGCSE Science（Cambridge）英文授課,0-5位導師,15/4/2026 下午10:22:16
218094,中四,物理(中文),每小時$180 - 220,秀茂坪(上門補習),2026-04-15 20:59:47,：Hiu lai court,一星期2堂,每堂2小時,"：星期三 1800-2000, 時間可再商議","： 有耐性, 提供練習／試題, 長補, 期望最快上課時間:7天內,粵語授課,有特殊學習需要,急單補習(需要在兩天內開始上第一堂課),不接受視像",0-5位導師,15/4/2026 下午10:22:17
218107,小五,中文,每小時$170 - 210,視像補習,2026-04-15 23:17:12,,一星期2堂,每堂1.5小時,"：星期五 1700-1800, 星期六 1000-1100, 時間可再商議","： 期望最快上課時間:7天內,粵語授課",6-10位導師,15/4/2026 下午11:45:57
218108,小五,英文,每小時$170 - 210,視像補習,2026-04-15 23:17:12,,一星期2堂,每堂1.5小時,"：星期五 1700-1800, 星期六 1000-1100, 時間可再商議","： 期望最快上課時間:7天內,粵語授課",6-10位導師,15/4/2026 下午11:45:59
218106,小一,數學(中文),每小時$200 - 300,柯士甸(上門補習),2026-04-15 22:32:46,：九龍站上蓋,一星期1堂,每堂1.5小時,"：星期一 1600-1800, 星期二 1600-1800, 星期三 1600-1800, 星期五 1600-1800, 星期六 1430-1800, 導師必須在以上時段補習","： 有耐性, • 孩子對數字有很強的敏感度，喜歡主動研究質數、時差等數字現象，已自行掌握加減乘除。 • 目前在上學而思大班，喜歡接觸不同數學模塊和課後拓展題，但我們希望教學能更注重真正數學思維的培養，而非純套路訓練或大量機械練習。 • 學校數學對他來說已經「吃不飽」，希望私教能提供更多深度探索，同時保護他對數學的內在興趣和快樂感。,期望最快上課時間:3天內,普通話授課,不接受視像",0-5位導師,15/4/2026 下午11:46:00
218105,中五,M1(英文),每小時$200 - 240,荔景(上門補習),2026-04-15 22:28:01,：浩景臺,一星期1堂,每堂2小時,"：星期五 1730-1930, 導師必須在以上時段補習","： 願意支付額外交通金額(HKD): 20.00, 期望最快上課時間:2星期內,粵語授課,不接受視像",0-5位導師,15/4/2026 下午11:46:01
218111,中四,AI 學習(英文),每小時$180 - 350,視像補習,2026-04-16 00:12:12,,一星期1堂,每堂1.5小時,"：星期六 1100-1230, 時間可再商議","： 有耐性, 提供筆記, 有經驗, 期望最快上課時間:7天內",0-5位導師,16/4/2026 上午12:46:33
218110,中四,經濟(英文),每小時$230 - 270,東涌(公眾地方),2026-04-16 00:04:26,：starbucks,一星期2堂,每堂1.5小時,"：星期三 1900-2000, 星期五 1900-2000, 星期日 1900-2000, 時間可再商議","： 提供筆記, 提供練習／試題, 期望最快上課時間:3天內,粵語授課、全英文授課,不接受視像",0-5位導師,16/4/2026 上午12:46:34
218109,中五,中文,每小時$200 - 240,視像補習,2026-04-15 23:56:32,,一星期1堂,每堂1.5小時,"：星期六 2000-2130, 時間可再商議","： 期望最快上課時間:2星期內,粵語授課",6-10位導師,16/4/2026 上午12:46:35
218112,中二,數學(英文),每小時$180,荃灣(上門補習),2026-04-16 01:29:52,：石圍角邨,一星期2堂,每堂1.5小時,"：星期一 2000-2200, 星期二 2000-2200, 星期三 2000-2200, 星期四 2000-2200, 星期五 2000-2200, 星期六 1200-2200, 星期日 1200-2200, 導師必須在以上時段補習","： 有經驗, 期望最快上課時間:3天內,粵語授課、全英文授課,不接受視像",0-5位導師,16/4/2026 上午1:55:24
218113,中二,英文,每小時$180,荃灣(上門補習),2026-04-16 01:29:52,：石圍角邨,一星期2堂,每堂1.5小時,"：星期一 2000-2200, 星期二 2000-2200, 星期三 2000-2200, 星期四 2000-2200, 星期五 2000-2200, 星期六 1200-2200, 星期日 1200-2200, 導師必須在以上時段補習","： 有經驗, 期望最快上課時間:3天內,粵語授課、全英文授課,不接受視像",0-5位導師,16/4/2026 上午1:55:25
218114,中四,會計(英文),每小時$200 - 250,將軍澳(上門補習),2026-04-16 07:53:09,：寶盈花園,一星期1堂,每堂1.5小時,"：星期日 1100-1230, 時間可再商議","： 提供筆記, 提升解題技巧, 了解學生不足, 期望最快上課時間:3天內,全英文授課,不接受視像",0-5位導師,16/4/2026 上午8:00:41
218122,中五,會計(中文),每小時$180 - 220,"鑽石山,上水,粉嶺(公眾地方)",2026-04-16 11:35:40,,一星期1堂,每堂1.5小時,,： 不接受視像,0-5位導師,16/4/2026 上午11:41:56
218121,N班,Phonics,每小時$230 - 270,將軍澳(上門補習),2026-04-16 11:08:39,：天晋,一星期2堂,每堂1.5小時,"：星期一 0900-1200, 星期二 0900-1200, 星期三 0600-1200, 星期四 0900-1200, 星期五 0900-1200, 時間可再商議","： 曾在補習社工作, 期望最快上課時間:3天內,不接受視像",0-5位導師,16/4/2026 上午11:41:57
218120,小三,英文,每小時$210,屯門(上門補習),2026-04-16 11:02:03,：富健花園,一星期1堂,每堂1.5小時,"：星期二 1700-1800, 時間可再商議","： 有耐性, 提供練習／試題, 有經驗, 期望最快上課時間:一個月內,粵語授課、全英文授課,不接受視像",0-5位導師,16/4/2026 上午11:41:58
218118,中六,經濟(英文),每小時$300 - 400,奧運(視像補習),2026-04-16 10:54:18,：維港灣,一星期1堂,每堂1.5小時,,： 嚴格,0-5位導師,16/4/2026 上午11:41:59
218119,K2,中文,每小時$190 - 230,黃竹坑(上門補習),2026-04-16 10:46:27,：晋环,一星期1堂,每堂1小時,"：星期五 1700-1800, 星期六 1000-1100, 時間可再商議","： 有耐性, 期望最快上課時間:7天內,普通話授課",0-5位導師,16/4/2026 上午11:42:01
218117,小二,英文,每小時$210 - 250,元朗(上門補習),2026-04-16 10:36:44,：蝶翠峰,一星期1堂,每堂2小時,"：星期一 1930, 星期三 1900, 時間可再商議","： 願意支付額外交通金額(HKD): 12.00, 期望最快上課時間:2星期內,全英文授課,不接受視像",0-5位導師,16/4/2026 上午11:42:02
218116,中三,化學(英文),每小時$190 - 250,將軍澳(上門補習),2026-04-16 09:39:07,：Lohas Park,一星期1堂,每堂1.5小時,"：星期一 530-700, 星期三 530-700, 導師必須在以上時段補習","： 有耐性, 提供筆記, 提供練習／試題, 期望最快上課時間:3天內,粵語授課、全英文授課,不接受視像",0-5位導師,16/4/2026 上午11:42:04
218115,國際學校 year9,Mathematics(英文),每小時$330 - 350,視像補習,2026-04-16 09:06:12,,一星期2堂,每堂2小時,"：星期二 1630-1830, 星期四 1630-1830, 導師必須在以上時段補習","： 全英語上堂, 有經驗, 針對學生弱項, Graphs, Angles Constructions, Ratio Proportions at the moment ,期望最快上課時間:7天內",6-10位導師,16/4/2026 上午11:42:05
218128,中五,商業管理(中文),每小時$200 - 250,紅磡(上門補習),2026-04-16 13:34:23,：海濱南岸,一星期1堂,每堂1.5小時,"：星期五 1800-1930, 導師必須在以上時段補習","： 有耐性, 提供練習／試題, 針對學生弱項, 導師考DSE，期望最快上課時間:7天內,粵語授課,不接受視像",0-5位導師,16/4/2026 下午1:52:36
218127,中一,中文,每小時$200 - 260,彩虹(上門補習),2026-04-16 12:58:40,：永定道,一星期1堂,每堂1.5小時,"：星期六 1345-1515, 星期日 1200-1330/1430-1600","： 教作文、白話文閱讀理解及文言文,要求導師中文科5*或以上 包括閱讀卷及寫作卷/全職導師 需要有耐性、自備教材及2年以上補習經驗。考試前提供重點筆記溫習。可批改作文。,不接受視像",0-5位導師,16/4/2026 下午1:52:37
218126,小五,全科(中文),每小時$150 - 200,馬鞍山(上門補習),2026-04-16 12:46:52,：錦駿苑 (大水坑站行*mins到達),一星期1堂,每堂2小時,"：星期四 1800-2000, 時間可再商議","： 有耐性, 提供筆記, 有經驗, 不接受視像",0-5位導師,16/4/2026 下午1:52:38
218125,中一,中史,每小時$120 - 220,佐敦(上門補習),2026-04-16 12:45:34,：佐敦官涌街**號the Austine Place,一星期1堂,每堂1.5小時,"：星期一 2030-2200, 星期二 2030-2200, 星期六 0930-1100, 星期日 0930-1100, 導師必須在以上時段補習","： 有耐性, 提供練習／試題, 有愛心, 不接受視像",0-5位導師,16/4/2026 下午1:52:40
218124,中三,英文,每小時$240,元朗(上門補習),2026-04-16 12:14:08,：采葉庭,一星期1堂,每堂1.5小時,"：星期二 1730-1900, 星期三 1730-1900, 時間可再商議","： 全職導師, 期望最快上課時間:一個月內,粵語授課,不接受視像",0-5位導師,16/4/2026 下午1:52:41
218123,中五,數學(英文),每小時$200 - 240,藍田(上門補習),2026-04-16 11:49:49,：康雅苑,一星期1堂,每堂1.5小時,"：星期五 1730-1900, 導師必須在以上時段補習","： 期望最快上課時間:3天內,粵語授課,不接受視像",0-5位導師,16/4/2026 下午1:52:42
218132,小三 (2人),英文,每小時$150 - 230,天水圍(上門補習),2026-04-16 15:14:15,：天耀,一星期1堂,,：,"： 其他, 耐心. 句子不足,不接受視像",0-5位導師,16/4/2026 下午3:26:56
218131,小三,品格與正向教育(英文),每小時$180,北角(上門補習),2026-04-16 14:46:25,：皇冠大廈,一星期2堂,每堂2小時,"：星期二 1600-1730, 星期四 1600-1730, 時間可再商議","： 有耐性, 互動教學, 提升解題技巧, 期望最快上課時間:3天內,有特殊學習需要,不接受視像",0-5位導師,16/4/2026 下午3:26:57
218129,中三,英文,每小時$190 - 300,石硤尾(上門補習),2026-04-16 14:15:19,：美菖樓 地鐵步行*-10分鐘,一星期2堂,每堂1.5小時,"：星期五 1700-1800, 時間可再商議","： 提供筆記, 提供練習／試題, 有經驗, 期望最快上課時間:7天內,粵語授課、全英文授課,不接受視像",0-5位導師,16/4/2026 下午3:26:58
218130,中二,英文,每小時$230 - 270,元朗(上門補習),2026-04-16 14:13:21,：定福花園,一星期1堂,每堂2小時,"：星期二 1700-1900, 星期四 1700-1900, 導師必須在以上時段補習","： 希望導師可提供supplemental exercise / 試卷作操練；期望最快上課時間:3天內,粵語授課,不接受視像",0-5位導師,16/4/2026 下午3:26:59
218139,中四,中文,每小時$180 - 220,樂富(上門補習),2026-04-16 16:39:47,：橫頭磡邨,一星期2堂,每堂1.5小時,"：星期三 1700-1900, 星期六 1700-1900, 星期日 1700-1900, 時間可再商議","： 期望最快上課時間:3天內,粵語授課,不接受視像",0-5位導師,16/4/2026 下午5:04:59
218141,中三,英文,每小時$190,沙田(上門補習),2026-04-16 16:38:51,：沙田圍附近,一星期2堂,每堂1.5小時,"：星期一 1300-1430, 星期三 1000-1130, 時間可再商議","： 提供練習／試題, 有經驗, 針對學生弱項, 導師需英文較强，理解學生難處；期望最快上課時間:2星期內,粵語授課、全英文授課,不接受視像",0-5位導師,16/4/2026 下午5:05:00
218138,中四 (2人),化學(英文),每小時$180 - 220,樂富(公眾地方),2026-04-16 16:35:08,：Pacific Coffee,一星期2堂,每堂1.5小時,"：星期四 1630-1800, 星期六 1600-1730, 時間可再商議","： 提供練習／試題, 緊貼學校進度, 提升解題技巧, 期望最快上課時間:2星期內,粵語授課,不接受視像",0-5位導師,16/4/2026 下午5:05:01
218140,小六 (2人),英文,每小時$170 - 210,鰂魚涌(上門補習),2026-04-16 16:32:07,：康怡花園,一星期1堂,,"：星期六 1630-1900, 導師必須在以上時段補習","： 提供練習／試題, 全職導師, 針對學生弱項, 期望最快上課時間:2星期內,全英文授課,急單補習(需要在兩天內開始上第一堂課)",0-5位導師,16/4/2026 下午5:05:02
218137,中五,經濟(英文),每小時$200,馬鞍山(上門補習),2026-04-16 16:27:22,：錦龍苑,一星期1堂,每堂1.5小時,"：星期三 1700-1830, 星期四 1700-1830, 星期六 1400, 時間可再商議","： 嚴格, 提供練習／試題, 有經驗, 期望最快上課時間:2星期內,粵語授課、全英文授課,不接受視像",0-5位導師,16/4/2026 下午5:05:03
218136,小五,"中文,數學(中文)",每小時$150 - 190,奧運(上門補習),2026-04-16 16:18:08,：Hampton place,一星期2堂,每堂1.5小時,"：星期二 1730-1900, 星期四 1730-1900, 時間可再商議","： 期望最快上課時間:7天內,粵語授課,不接受視像",0-5位導師,16/4/2026 下午5:05:04
218135,中四,數學(中文),每小時$180 - 240,北角(上門補習),2026-04-16 16:11:47,：寶馬花園（北角地鐵站一分鐘）,一星期2堂,每堂2小時,"：星期一 1900-2000, 星期二 1900-2000, 星期四 1900-2000, 星期五 1900-2000, 時間可再商議","： 提供筆記, 提供練習／試題, 長補, 學生數學基礎極差,期望最快上課時間:7天內,粵語授課、普通話授課,家長需以wechat聯絡,不接受視像",0-5位導師,16/4/2026 下午5:05:05
218134,中五,生物(英文),每小時$200 - 260,"深水埗,長沙灣(公眾地方)",2026-04-16 16:10:46,,一星期1堂,每堂1.5小時,"：星期四 1830-2000, 星期六 1400-1800, 導師必須在以上時段補習","： 有耐性, 提供筆記, 底子差,期望最快上課時間:7天內,粵語授課,不接受視像",0-5位導師,16/4/2026 下午5:05:06
218133,中五 (2人),化學(英文),每小時$200 - 250,"馬鞍山,恆安(上門補習)",2026-04-16 16:01:35,：天宇海（地鐵站行5分鐘）,一星期2堂,每堂1.5小時,"：星期四 1700-1830, 導師必須在以上時段補習","： 提供筆記, 提供練習／試題, 提升解題技巧, 期望最快上課時間:7天內,粵語授課,不接受視像",0-5位導師,16/4/2026 下午5:05:08
218150,中四,化學(英文),每小時$180 - 220,長沙灣(上門補習),2026-04-16 18:34:04,：喜薈,一星期1堂,每堂1.5小時,"：星期三 1600, 時間可再商議","： 期望最快上課時間:3天內,粵語授課,不接受視像",0-5位導師,16/4/2026 下午6:40:14
218149,中五,化學(英文),每小時$200 - 250,北角(上門補習),2026-04-16 18:02:31,：百福花園,一星期1堂,每堂1.5小時,,"： 5**,不接受視像",0-5位導師,16/4/2026 下午6:40:15
218148,K3,全科(中文),每小時$190 - 230,淺水灣(上門補習),2026-04-16 17:54:02,：影灣園,一星期2堂,每堂2小時,"：星期一 1700-1830, 星期三 1700-18300, 星期六 1000-1200, 星期日 1600-1800, 時間可再商議","： 有經驗, 細心, 上課不可以玩手機, 期望最快上課時間:7天內,中文用普通話教，其他科用英文教,不接受視像",0-5位導師,16/4/2026 下午6:40:16
218147,小五,小五六音樂呈分試,每小時$180 - 220,炮台山(上門或視像皆可),2026-04-16 17:45:27,：璇宮大廈,一星期1堂,每堂1.5小時,"：星期三 1530-1630, 星期四 1530-1630, 星期六 1500-1600, 時間可再商議","： 有耐性, 提供筆記, 有經驗, 沒有學習任何樂器,期望最快上課時間:7天內",0-5位導師,16/4/2026 下午6:40:17
218144,中四,中文,每小時$180 - 210,視像補習,2026-04-16 17:19:37,,一星期1堂,每堂1小時,,,6-10位導師,16/4/2026 下午6:40:19
218145,中四,中史,每小時$180 - 210,視像補習,2026-04-16 17:19:37,,一星期1堂,每堂1小時,,,0-5位導師,16/4/2026 下午6:40:20
218146,中四,數學(英文),每小時$180 - 210,視像補習,2026-04-16 17:19:37,,一星期1堂,每堂1小時,,,6-10位導師,16/4/2026 下午6:40:21
218143,小五,英文,每小時$170 - 210,黃大仙(上門補習),2026-04-16 17:10:54,：黃大仙上邨,一星期2堂,每堂1.5小時,"：星期一 1730-1900, 星期二 1630-1800, 星期三 1730-1900, 星期四 1630-1800, 星期五 1730-1830, 導師必須在以上時段補習","： 有耐性, 提供筆記, 提供練習／試題, 基礎差需要老師提供練習或試題,期望最快上課時間:一個月內,全英文授課",0-5位導師,16/4/2026 下午6:40:23
218142,中五,經濟(英文),每小時$200,荔枝角(公眾地方),2026-04-16 17:00:50,：泓景台Starbucks,一星期2堂,每堂1.5小時,"：星期一 1800-1930, 星期二 1800-1930, 星期三 1800-1930, 星期五 1800-1930, 時間可再商議","： 提供筆記, 提供練習／試題, 提升解題技巧, 期望最快上課時間:7天內,粵語授課,不接受視像",0-5位導師,16/4/2026 下午6:40:24
218155,中五,英文,每小時$270 - 350,元朗(上門補習),2026-04-16 19:16:16,：溱柏,一星期2堂,每堂1.5小時,"：星期一 1700-2100, 星期二 1700-2100, 星期三 1700-2100, 星期四 1700-2100, 星期五 1700-2100, 星期六 12-24, 星期日 12-24, 時間可再商議","： 期望最快上課時間:7天內,粵語授課,不接受視像",0-5位導師,16/4/2026 下午7:43:26
218154,中五,英文,每小時$220 - 260,馬鞍山(上門補習),2026-04-16 19:06:27,：馬鞍山富寶花園,一星期2堂,每堂2小時,"：星期三 430-630, 星期六 430-630, 時間可再商議","： 期望最快上課時間:7天內,粵語授課、普通話授課,不接受視像",0-5位導師,16/4/2026 下午7:43:27
218152,小一,數學(中文),每小時$140 - 180,新蒲崗(上門補習),2026-04-16 19:06:16,：采頤花園,一星期1堂,每堂1.5小時,"：星期一 4-5, 星期二 4-5, 星期三 4-5, 時間可再商議","： 有愛心, 長補, 上課不可以玩手機, 期望最快上課時間:一個月內,粵語授課,不接受視像",0-5位導師,16/4/2026 下午7:43:28
218153,小一,中文,每小時$140 - 180,新蒲崗(上門補習),2026-04-16 19:06:16,：采頤花園,一星期1堂,每堂1.5小時,"：星期一 4-5, 星期二 4-5, 星期三 4-5, 時間可再商議","： 有愛心, 長補, 上課不可以玩手機, 期望最快上課時間:一個月內,粵語授課、普通話授課,不接受視像",0-5位導師,16/4/2026 下午7:43:29
218151,小二,全科(中文),每小時$140 - 170,葵盛(上門補習),2026-04-16 18:57:27,：葵盛西邨,一星期3堂,每堂1.5小時,"：星期二 1645-1815, 星期四 1645-1815, 星期五 1745-1915, 時間可再商議","： 願意支付額外交通金額(HKD): 10.00, 期望最快上課時間:一個月內,粵語授課,不接受視像",0-5位導師,16/4/2026 下午7:43:30
218166,中五 (3人),中文,每小時$200 - 410,荃灣(公眾地方),2026-04-16 20:42:51,,一星期1堂,每堂1.5小時,"：星期日 1200-130, 時間可再商議","： 有耐性, 期望最快上課時間:2星期內,粵語授課,不接受視像",0-5位導師,16/4/2026 下午8:54:30
218165,中四,化學(中文),每小時$230 - 270,天水圍(上門補習),2026-04-16 20:40:15,：嘉湖山莊翠湖居,一星期1堂,每堂2小時,"：星期一 1600-2100, 星期二 1600-2100, 星期三 1600-2100, 星期四 1600-2100, 星期五 1600-2100, 星期六 1600-2100, 星期日 1600-2100, 時間可再商議","： 有耐性, 提供筆記, 針對學生弱項, 期望最快上課時間:2星期內,粵語授課",0-5位導師,16/4/2026 下午8:54:31
218164,K2,托兒/幼兒照顧(英文),每小時$180 - 280,黃埔(上門補習),2026-04-16 20:32:17,：Whampoa garden,一星期2堂,每堂1小時,"：星期一 1500-1600, 時間可再商議","： 嚴格, 期望最快上課時間:7天內,不接受視像",0-5位導師,16/4/2026 下午8:54:33
218163,中五,資訊及通訊科技(英文),每小時$190 - 240,視像補習,2026-04-16 20:17:59,,一星期1堂,每堂1.5小時,：,"： 其他, database和algorithm and programming",0-5位導師,16/4/2026 下午8:54:34
218162,小三,英文,每小時$160 - 250,深水埗(上門補習),2026-04-16 20:11:31,：Trinity Towers,一星期1堂,每堂1.5小時,"：星期四 1700-1830, 導師必須在以上時段補習","： 有經驗, 期望最快上課時間:7天內,全英文授課,不接受視像",0-5位導師,16/4/2026 下午8:54:35
218159,中四,生物(中文),每堂$400,馬鞍山(上門補習),2026-04-16 20:04:32,：烏溪沙銀湖天峰(馬鐵直達),一星期1堂,每堂1.5小時,：星期一,"： 每堂1.5小時，每堂$400。兒子對bio完全冇興趣, 希望找個bio老師引起他對這科的興趣，有耐性，有方法令他攞level 2。要有方法，有耐性，有功課提供。,不接受視像",0-5位導師,16/4/2026 下午8:54:36
218160,中二 (2人),中文,每小時$160 - 200,藍田(上門補習),2026-04-16 20:03:35,：地鐵上蓋,一星期2堂,每堂1.5小時,"：星期三 1900-2100, 星期四 1900-2100, 星期五 1900-2100, 時間可再商議","： 期望最快上課時間:7天內,粵語授課,不接受視像",6-10位導師,16/4/2026 下午8:54:37
218161,中二 (2人),中史,每小時$160 - 200,藍田(上門補習),2026-04-16 20:03:35,：地鐵上蓋,一星期2堂,每堂1.5小時,"：星期三 1900-2100, 星期四 1900-2100, 星期五 1900-2100, 時間可再商議","： 期望最快上課時間:7天內,粵語授課,不接受視像",0-5位導師,16/4/2026 下午8:54:39
218158,中四,化學(英文),每小時$220 - 260,大埔(上門補習),2026-04-16 19:53:53,：新峰花園,一星期1堂,每堂1.5小時,"：星期一 4:00PM - 7:00PM, 星期三 4:00PM - 7:00PM","： 導師dse 最好有5或以上,不接受視像",0-5位導師,16/4/2026 下午8:54:40
218157,中一,英文,每小時$230,天水圍(公眾地方),2026-04-16 19:50:11,：銀座,一星期1堂,每堂1.5小時,"：星期日 1400-1530, 時間可再商議","： 期望最快上課時間:2星期內,粵語授課,不接受視像",0-5位導師,16/4/2026 下午8:54:41
218156,中四,英文,每小時$200,視像補習,2026-04-16 19:37:35,,一星期1堂,每堂2小時,"：星期六 1500-1630, 星期日 1500-1630, 時間可再商議","： 有耐性, 期望最快上課時間:3天內,粵語授課、全英文授課",0-5位導師,16/4/2026 下午8:54:42
218176,中一,數學(英文),每小時$160 - 400,視像補習,2026-04-16 22:19:09,,一星期2堂,每堂1.5小時,"：星期一 2100-2200, 星期三 2100-2200, 星期四 2100-2200, 星期五 1900-2000, 星期六 2000-2100, 星期日 0900-1000, 時間可再商議","： 提供筆記, 提供練習／試題, 期望最快上課時間:7天內,粵語授課",11-15位導師,16/4/2026 下午10:57:15
218175,中一,數學(英文),每小時$160 - 200,荃灣(上門或視像皆可),2026-04-16 22:10:10,：綠楊新村,一星期2堂,每堂1.5小時,"：星期四 730-830, 導師必須在以上時段補習","： 期望最快上課時間:2星期內,粵語授課,家長需以wechat聯絡",0-5位導師,16/4/2026 下午10:57:16
218173,中三 (7人),中文,每小時$170 - 210,灣仔(公眾地方),2026-04-16 21:35:03,,一星期2堂,每堂2小時,"：星期四 1700-1900, 時間可再商議","： 期望最快上課時間:2星期內,粵語授課,不接受視像",6-10位導師,16/4/2026 下午10:57:17
218174,中三 (7人),數學(英文),每小時$170 - 210,灣仔(公眾地方),2026-04-16 21:35:03,,一星期2堂,每堂2小時,"：星期四 1700-1900, 時間可再商議","： 期望最快上課時間:2星期內,粵語授課、全英文授課,不接受視像",11-15位導師,16/4/2026 下午10:57:18
218171,中三,生物(英文),每小時$170 - 360,視像補習,2026-04-16 21:15:14,,一星期2堂,每堂1.5小時,"：星期三 1700-1830, 星期五 1700-1830, 導師必須在以上時段補習","： 有耐性, 提供筆記, 提供練習／試題, 期望最快上課時間:2星期內,粵語授課",0-5位導師,16/4/2026 下午10:57:19
218170,小四,數學(中文),每小時$140 - 180,九龍塘(上門補習),2026-04-16 21:12:36,：喇沙利道,一星期1堂,每堂1小時,,,0-5位導師,16/4/2026 下午10:57:20
218172,中四,中文,每小時$180,康城(公眾地方),2026-04-16 21:12:01,：日出康城領都,一星期1堂,每堂2小時,"：星期一 1700-1900, 星期二 1700-1900, 星期四 1700-1900, 星期五 1700-1900, 星期六 1300-1500, 時間可再商議","： 提供練習／試題, 菲律賓學生，母語不是中文，中文程度稍弱,期望最快上課時間:2星期內,粵語授課,不接受視像",0-5位導師,16/4/2026 下午10:57:21
218169,中五 (3人),中文,每小時$200 - 350,荃灣(公眾地方),2026-04-16 21:05:56,：荃灣西,一星期1堂,每堂1.5小時,"：星期日 1200-1330, 時間可再商議","： 期望最快上課時間:7天內,粵語授課,不接受視像",11-15位導師,16/4/2026 下午10:57:23
218168,中三,英文,每小時$190 - 230,旺角(視像補習),2026-04-16 20:59:05,：Street Mong Kok Kowloon,一星期1堂,每堂1小時,,,0-5位導師,16/4/2026 下午10:57:24
218167,中三,英文,每小時$190 - 230,旺角(視像補習),2026-04-16 20:58:40,：Street Mong Kok Kowloon,一星期1堂,每堂1小時,,,0-5位導師,16/4/2026 下午10:57:25
218180,小二,全科(英文),每小時$190 - 200,小西灣(上門補習),2026-04-16 23:47:14,：富景花園,一星期2堂,每堂1.5小時,"：星期二 1630-1730, 星期四 1630-1730, 時間可再商議","： 有耐性, 有經驗, 指導功課, 期望最快上課時間:2星期內,粵語授課,不接受視像",0-5位導師,17/4/2026 上午12:27:42
218179,中五,物理(英文),每小時$300 - 400,馬鞍山(上門或視像皆可),2026-04-16 23:31:18,：港鐵沿線,一星期2堂,每堂2小時,"：星期三 1830-2030, 星期四 1830-2030, 星期六 0900-2000, 星期日 1400-2000, 時間可再商議","： 現職/曾任中小學教師, 現時穩3，想保4,期望最快上課時間:7天內,粵語授課",0-5位導師,17/4/2026 上午12:27:43
218178,中五,中史,每小時$200 - 270,黃大仙(公眾地方),2026-04-16 23:28:02,,一星期2堂,每堂2小時,"：星期二 1700-1900, 星期四 1700-1900, 時間可再商議","： 成績較差,期望最快上課時間:7天內,粵語授課,不接受視像",0-5位導師,17/4/2026 上午12:27:44
218177,中四 (3人),生物(英文),每小時$180 - 290,視像補習,2026-04-16 23:06:09,,一星期1堂,每堂1.5小時,"：星期六 1300-1430, 時間可再商議","： 有耐性, 提供筆記, 提供練習／試題, 期望最快上課時間:7天內,粵語授課、全英文授課",6-10位導師,17/4/2026 上午12:27:45
218181,自修生,IELTS,每小時$260,視像補習,2026-04-17 00:27:58,,一星期1堂,每堂1小時,"：星期一 1100-2200, 星期二 1100-2200, 星期三 1100-2200, 星期四 1100-2200, 星期五 1100-2200, 星期六 1100-2200, 星期日 1100-2200, 時間可再商議","： 嚴格, 提供練習／試題, 有經驗, 會長補。學生時間flexible, 可盡量就導師時間！目標ielts 8.5~ 所以導師需有ielts 8.5up, IB 7up 有教學經驗的國際學校畢業生都會考慮,期望最快上課時間:2星期內",0-5位導師,17/4/2026 上午1:54:21
218182,小五,全科(中文),每小時$190 - 230,鰂魚涌(上門補習),2026-04-17 00:25:16,：鰂魚涌地鐵站步行2分鐘,一星期2堂,每堂1.5小時,"：星期三 1600-1830, 星期六 1030-1300, 時間可再商議","： 提供筆記, 長補, 曾在補習社工作, 期望最快上課時間:3天內,粵語授課,不接受視像",0-5位導師,17/4/2026 上午1:54:23
218183,中一,英文,每小時$230,深水灣(上門補習),2026-04-17 01:56:22,：公共屋邨,一星期1堂,每堂1.5小時,"：星期日 1030-1200, 時間可再商議","： 期望最快上課時間:7天內,全英文授課,不接受視像",0-5位導師,17/4/2026 上午3:17:13
218184,K1,拼音 Phonics(英文),每小時$230 - 1200,尖沙咀(上門補習),2026-04-17 04:41:30,：Masterpiece,一星期2堂,每堂1小時,"：星期一 1000-2000, 星期二 1000-2000, 星期三 1000-2000, 星期四 1000-2000, 星期五 1000-2000, 星期六 1000-2000, 星期日 1000-2000, 時間可再商議","： 有耐性, 女士,期望最快上課時間:3天內,急單補習(需要在兩天內開始上第一堂課),不接受視像",0-5位導師,17/4/2026 上午5:04:47
218188,中四,物理(英文),每小時$180 - 220,新蒲崗(上門補習),2026-04-17 08:46:09,：啟德簡約公屋,一星期1堂,每堂1.5小時,"：星期日 1500-1630, 導師必須在以上時段補習","： 期望最快上課時間:7天內,全英文授課,有特殊學習需要,不接受視像",0-5位導師,17/4/2026 上午9:11:11
218187,小一,功課(中文),每小時$140 - 180,西營盤(上門補習),2026-04-17 08:36:21,：光前大廈*座,一星期2堂,每堂2小時,"：星期五 1800-2000, 星期六 0900-1100, 導師必須在以上時段補習","： 有愛心, 指導功課, 針對學生弱項, 中文及普通話超弱，完全跟不到進度，容易放棄沒信心,期望最快上課時間:7天內,普通話授課,不接受視像",0-5位導師,17/4/2026 上午9:11:12
218186,中一,綜合科學(英文),每小時$180 - 220,視像補習,2026-04-17 08:23:54,,一星期1堂,每堂1.5小時,"：星期一 1700-1830, 星期二 1700-1830, 導師必須在以上時段補習","： 有耐性, 細心, 可接受視像,期望最快上課時間:7天內,粵語授課",0-5位導師,17/4/2026 上午9:11:13
218185,中四,數學(英文),每小時$450 - 600,北角(上門補習),2026-04-17 08:03:12,：和富中心 第四座,一星期1堂,每堂2小時,"：星期一 1930-2130, 星期三 1930-2130, 星期六 1930-2200, 導師必須在以上時段補習","： 有耐性, 自閉症，需要伴做，同時補Core和M2,期望最快上課時間:3天內,粵語授課,有特殊學習需要,不接受視像",0-5位導師,17/4/2026 上午9:11:14
218199,year10,"Mathematics SL(英文),Physics SL(英文),Chemistry SL(英文)",每小時$300 - 380,坑口(公眾地方),2026-04-17 12:01:17,：觀塘、九龍城、將軍澳區都可以,一星期2堂,每堂1.5小時,"：星期一 1600, 時間可再商議","： 【三科都需要補】星期一至日都可以約，晚上、下午都可以,期望最快上課時間:7天內,不接受視像",0-5位導師,17/4/2026 下午12:23:23
218198,小一,英文,每小時$400-500,金鐘(上門補習),2026-04-17 11:57:39,：太古廣場附近,一星期1堂,每堂1小時,：,"： 其他, 【國際學校現職小學老師、任教英文科",0-5位導師,17/4/2026 下午12:23:24
218197,N班,英文陪玩耍,每小時$180 - 220,西營盤(上門補習),2026-04-17 11:47:41,：Kensignton hill,一星期3堂,每堂2小時,"：星期一 1800-2000, 星期三 1800-2000, 星期五 1800-2000, 時間可再商議","： 有耐性, 期望最快上課時間:3天內,不接受視像",0-5位導師,17/4/2026 下午12:23:25
218196,中五,數學(英文),每小時$200 - 240,鑽石山(公眾地方),2026-04-17 11:45:25,,一星期1堂,每堂1.5小時,,"： 有耐性, 提供練習／試題, 不接受視像",6-10位導師,17/4/2026 下午12:23:27
218195,自修生,數學(英文),每小時$200 - 240,"北角,鰂魚涌(公眾地方)",2026-04-17 11:41:46,,一星期1堂,每堂2小時,"：星期一 10:00-19:00, 星期四 10:00-19:00, 星期五 10:00-19:00, 星期六 10:00-19:00, 星期日 10:00-19:00","： retake2027DSE,港島沿線任何地方也可 （東區最好）【請導師備註可補地點】,不接受視像",0-5位導師,17/4/2026 下午12:23:28
218194,中三,英文,每小時$190 - 200,旺角(上門補習),2026-04-17 10:52:51,：奧海城,一星期1堂,每堂1.5小時,"：星期二 1700, 導師必須在以上時段補習","： 互動教學, 緊貼學校進度, 了解學生不足, 期望最快上課時間:7天內,粵語授課、全英文授課,不接受視像",0-5位導師,17/4/2026 下午12:23:29
218193,中五,物理(英文),每小時$200 - 280,視像補習,2026-04-17 10:32:30,,一星期1堂,每堂1小時,"：星期一 2045-2200, 星期二 2045-2200, 星期三 2045-2200, 星期四 2045-2200, 星期五 2045-2200, 星期六 2045-2200, 星期日 2045-2200, 時間可再商議","： 提供筆記, 提供練習／試題, 主要係解答問題，唔係太需要詳細逐課講解。要求曾考5*或以上,期望最快上課時間:3天內,粵語授課",0-5位導師,17/4/2026 下午12:23:31
218192,國際學校 year6,Chinese Language(中文),每小時$300,美孚(上門補習),2026-04-17 10:25:18,：美國孚新村,一星期2堂,每堂1.5小時,"：星期二 1700-1900, 星期三 1700-1900, 導師必須在以上時段補習","： 期望最快上課時間:一個月內,不接受視像",0-5位導師,17/4/2026 下午12:23:32
218189,小三,中文,每小時$210,屯門(上門補習),2026-04-17 09:44:05,：Oma by the sea,一星期1堂,每堂1.5小時,"：星期二 430-630, 星期四 430-630, 時間可再商議","： 期望最快上課時間:2星期內,粵語授課、普通話授課,不接受視像",0-5位導師,17/4/2026 下午12:23:33
218190,小三,英文,每小時$210,屯門(上門補習),2026-04-17 09:44:05,：Oma by the sea,一星期1堂,每堂1.5小時,"：星期二 430-630, 星期四 430-630, 時間可再商議","： 期望最快上課時間:2星期內,全英文授課,不接受視像",0-5位導師,17/4/2026 下午12:23:34
218191,小三,數學(中文),每小時$210,屯門(上門補習),2026-04-17 09:44:05,：Oma by the sea,一星期1堂,每堂1.5小時,"：星期二 430-630, 星期四 430-630, 時間可再商議","： 期望最快上課時間:2星期內,粵語授課,不接受視像",0-5位導師,17/4/2026 下午12:23:36
218203,year11,會計(英文),每小時$250 - 280,尖沙咀(上門或視像皆可),2026-04-17 13:34:06,：The waterfront,一星期1堂,每堂1.5小時,,"： 期望最快上課時間:3天內,粵語授課,會考慮HKDSE導師",0-5位導師,17/4/2026 下午2:19:56
218204,中一,中文,每小時$160 - 200,黃大仙(上門補習),2026-04-17 13:33:18,：黃大仙下邨,一星期1堂,每堂1.5小時,"：星期二 1700-1830, 星期三 1700-1830, 星期四 1700-1830, 時間可再商議","： 期望最快上課時間:一個月內,粵語授課,不接受視像",0-5位導師,17/4/2026 下午2:19:57
218201,中四,英文,每小時$220 - 250,荃灣(上門補習),2026-04-17 13:27:56,：湾景广场,一星期1堂,每堂1.5小時,,"： Year 2或以上、有至少1年補習經驗以上,不接受視像",0-5位導師,17/4/2026 下午2:19:58
218202,中六,物理(中文),每小時$230 - 270,視像補習,2026-04-17 13:27:43,,一星期2堂,每堂2小時,"：星期一 1900-2400, 星期二 1900-2400, 星期三 1900-2400, 星期四 1900-2400, 星期五 1900-2400, 星期六 1900-2400, 星期日 1900-2400, 時間可再商議","： 期望最快上課時間:3天內,粵語授課、普通話授課,【中六DSE只收取一星期費用】",0-5位導師,17/4/2026 下午2:19:59
218200,K2,英文,每小時$160 - 200,將軍澳(上門補習),2026-04-17 12:30:24,：capri，由將軍澳或調景嶺地鐵站步行8分鐘，亦可轉乘小巴,一星期2堂,每堂1小時,"：星期六 1000-1400, 星期日 1000-1400, 時間可再商議","： 期望最快上課時間:2星期內,全英文授課,不接受視像",0-5位導師,17/4/2026 下午2:20:00
218211,小六,中文,每小時$200 - 240,屯門(上門補習),2026-04-17 15:52:48,：盈豐園,一星期2堂,每堂1.5小時,"：星期一 1900-2100, 星期二 1900-2100, 星期三 1900-2100, 星期四 1900-2100, 星期五 1900-2100, 星期六 1900-2100, 星期日 1000-1300, 時間可再商議","： 有耐性, 針對學生弱項, 引起學生學習興趣, 目標：小升中中文銜接；學生背景：英強中弱，抗拒中文,期望最快上課時間:7天內,粵語授課,不接受視像",0-5位導師,17/4/2026 下午4:10:11
218210,中四 (2人),英文,每小時$200 - 240,觀塘(上門補習),2026-04-17 15:45:51,：樂華邨,一星期1堂,每堂1.5小時,"：星期二 1630-1800, 時間可再商議","： 提供筆記, 提供練習／試題, 有愛心, 期望最快上課時間:2星期內,粵語授課、全英文授課,不接受視像",0-5位導師,17/4/2026 下午4:10:12
218207,中五,化學(英文),每小時$200,沙田(公眾地方),2026-04-17 14:56:04,：第一城,一星期1堂,每堂1.5小時,"：星期六 1100-1230, 導師必須在以上時段補習","： 有耐性, 提供筆記, 提供練習／試題, 需要成績已認證的導師 有交帶,期望最快上課時間:7天內,粵語授課、全英文授課",0-5位導師,17/4/2026 下午4:10:13
218208,中一,數學(英文),每小時$180,柴灣(上門補習),2026-04-17 14:55:45,：翠灣街**號*座(地鐵10分鐘到),一星期2堂,每堂1.5小時,"：星期二 1700-1930, 星期五 1700-1930, 時間可再商議","： 有耐性, 有愛心, 提升解題技巧, 期望最快上課時間:一個月內,粵語授課、全英文授課,不接受視像",0-5位導師,17/4/2026 下午4:10:14
218209,中一,綜合科學(英文),每小時$180,柴灣(上門補習),2026-04-17 14:55:45,：翠灣街**號*座(地鐵10分鐘到),一星期2堂,每堂1.5小時,"：星期二 1700-1930, 星期五 1700-1930, 時間可再商議","： 有耐性, 有愛心, 提升解題技巧, 期望最快上課時間:一個月內,粵語授課、全英文授課,不接受視像",0-5位導師,17/4/2026 下午4:10:15
218206,K3,英文,每小時$200 - 250,南昌(上門補習),2026-04-17 14:50:47,：凱樂苑,一星期1堂,每堂1.5小時,"：星期一 1400-1800, 星期四 1400-1800, 導師必須在以上時段補習","： 有耐性, 提供筆記, 提供練習／試題, 需要導師教phonics/拼音, 一直都有學緊,期望最快上課時間:7天內,粵語授課、全英文授課,不接受視像",0-5位導師,17/4/2026 下午4:10:16
218205,小五,全科(英文),每小時$180 - 260,烏溪沙(上門補習),2026-04-17 14:34:16,：銀湖天峰,一星期2堂,每堂1.5小時,：,"： 【需全程英語教學對話，除教中文部分除外】同學讀音小，負責全科的功課默書溫習，導師需要自行預備練習題；學費視乎導師教學經驗資歷,不接受視像",0-5位導師,17/4/2026 下午4:10:17
218220,小五,"英文,數學(中文)",每小時$170 - 210,藍田(上門補習),2026-04-17 17:40:52,：蓝田丽港城,一星期1堂,每堂1.5小時,：星期六 Morning,"： 老师要有耐心的，今個月先一星期1堂，5月開始需每星期3堂,不接受視像",0-5位導師,17/4/2026 下午5:49:22
218219,K1,全科(英文),每小時$230 - 1200,尖沙咀(上門補習),2026-04-17 17:36:59,：Masterpiece,一星期1堂,每堂1小時,"：星期一 1000-2000, 星期二 1000-2000, 星期三 1000-2000, 星期四 1000-2000, 星期五 1000-2000, 星期六 1000-2000, 星期日 1000-2000, 時間可再商議","： 有耐性, 這星期會短補，7月會返香港大概補1個月【收一堂費用】，可補Phonics 普通話/英文/廣東話，期望最快上課時間:3天內,急單補習(需要在兩天內開始上第一堂課),不接受視像",0-5位導師,17/4/2026 下午5:49:23
218218,K3,英語會話,每小時$330,元朗(上門補習),2026-04-17 17:28:35,：大棠,一星期1堂,每堂1小時,"：星期一 0900-1100, 星期四 0900-1100, 星期五 0900-1100, 導師必須在以上時段補習","： 提供練習／試題, 有經驗, 針對學生弱項, 期望最快上課時間:7天內,不接受視像",0-5位導師,17/4/2026 下午5:49:24
218217,中四,英文,每小時$230 - 260,荃灣(上門補習),2026-04-17 17:23:34,：湾景广场,一星期1堂,每堂1.5小時,,"： 2-3年以上補習經驗，八大，英語成績5以上,不接受視像",0-5位導師,17/4/2026 下午5:49:24
218215,小二,中文,每小時$260 - 320,烏溪沙(上門補習),2026-04-17 16:48:53,,一星期1堂,每堂1.5小時,,"： 專補九龍城區學校的 有聖家學校經驗更加好,不接受視像",0-5位導師,17/4/2026 下午5:49:26
218213,中二,英文,每小時$180-220,屯門(上門補習),2026-04-17 16:31:40,：屯門兆軒苑順生閣,一星期1堂,每堂1小時,：,： 不接受視像,0-5位導師,17/4/2026 下午5:49:27
218214,中一,數學(英文),每小時$160 - 200,大埔(上門補習),2026-04-17 16:25:04,：明雅苑,一星期1堂,每堂1.5小時,"：星期六 1700-1830, 時間可再商議","： 期望最快上課時間:7天內,全英文授課,不接受視像",0-5位導師,17/4/2026 下午5:49:29
218212,小六,英文,每小時$170 - 210,馬頭圍(上門補習),2026-04-17 16:05:34,：順輝大廈,一星期1堂,每堂1.5小時,"：星期三 1540, 時間可再商議","： 期望最快上課時間:3天內,粵語授課、全英文授課,不接受視像",0-5位導師,17/4/2026 下午5:49:30
218225,中一,綜合科學(英文),每小時$230,天水圍(上門補習),2026-04-17 18:31:23,：柏慧豪庭,一星期1堂,每堂1.5小時,"：星期二 1700-2030, 星期四 1700-2030, 星期六 1500-1800, 星期日 1200-1500, 時間可再商議","： 期望最快上課時間:2星期內,粵語授課、全英文授課,不接受視像",0-5位導師,17/4/2026 下午6:45:03
218226,小二,功課輔導及中文科,每小時$180,葵盛(上門補習),2026-04-17 18:27:43,：葵盛西邨五座,一星期3堂,每堂1.5小時,"：星期二 1645-615, 星期四 1645-615, 星期五 1645-615, 時間可再商議","： 提供練習／試題, 指導功課, 提升閱讀能力, 願意支付額外交通金額(HKD): 10.00, 只面授,期望最快上課時間:一個月內,不接受視像",0-5位導師,17/4/2026 下午6:45:04
218223,中三,數學(英文),每小時$160 - 200,石門(公眾地方),2026-04-17 18:14:13,：石門地鐵站旁（麥當勞）,一星期1堂,每堂2小時,"：星期六 1000-1600, 時間可再商議","： 嚴格, 提供練習／試題, 提升解題技巧, 期望最快上課時間:7天內,粵語授課、普通話授課,有特殊學習需要,不接受視像",0-5位導師,17/4/2026 下午6:45:05
218224,中三,中史,每小時$170 - 210,半山(上門補習),2026-04-17 18:07:40,：堅威大廈,一星期2堂,每堂1.5小時,"：星期一 2000-2100, 星期三 2000-2100, 導師必須在以上時段補習","： 有耐性, 期望最快上課時間:2星期內,粵語授課,急單補習(需要在兩天內開始上第一堂課)",0-5位導師,17/4/2026 下午6:45:06
218227,中三,英文,每小時$190 - 230,灣仔(公眾地方),2026-04-17 18:56:04,,一星期1堂,每堂2小時,"：星期六 1000-1700, 時間可再商議","： 提供練習／試題, 曾在補習社工作, 提升寫作能力, 期望最快上課時間:7天內,普通話授課,不接受視像",0-5位導師,17/4/2026 下午7:39:33
218229,小五,功課(英文),每小時$150-170,半山(上門補習),2026-04-17 20:13:13,：半山一號,一星期1堂,每堂1.5小時,：,： 不接受視像,0-5位導師,17/4/2026 下午8:44:16
218228,中五,數學(英文),每小時$200 - 230,大埔(公眾地方),2026-04-17 19:57:01,：地鐵Starbucks,一星期1堂,每堂2小時,"：星期一 1800-2000, 星期二 1800-2000, 星期三 1800-2000, 時間可再商議","： 有耐性, 提供練習／試題, 幫助操練, 期望最快上課時間:2星期內,粵語授課,不接受視像",0-5位導師,17/4/2026 下午8:44:17
